id,page_num,relevance_tags,section_title,source_doc,text
meth_001,12,"self-response,internet,methodology,2020",Self-Response Operations Overview,2020_census_methodology.pdf,"Self-response operations for the 2020 Census began on March 12, 2020. Households could respond via internet, phone, or mail. The internet option was available for the first time as the primary response mode, with 67.4% of responding households choosing this method nationally."
meth_002,34,"NRFU,enumeration,rural,visits",Non-Response Follow-Up (NRFU),2020_census_methodology.pdf,"NRFU operations commenced on August 11, 2020 after pandemic-related delays. Enumerators visited non-responding households an average of 3.8 times before obtaining a response or determining the address was vacant. Rural areas required significantly more visits per completion."
meth_003,45,"group-quarters,COVID-19,enumeration",Group Quarters Enumeration,2020_census_methodology.pdf,"Group quarters enumeration faced unprecedented challenges due to COVID-19 restrictions. Nursing homes, prisons, and college dormitories required modified protocols including electronic data collection and administrative records integration where direct enumeration was not possible."
meth_004,67,"tribal,PO-box,addressing,coverage",P.O. Box Addressing on Tribal Lands,2020_census_methodology.pdf,Many tribal areas lack conventional street addresses and rely on P.O. Boxes for mail delivery. The Census Bureau implemented special procedures including in-person delivery of census materials and coordination with tribal liaisons to ensure coverage in these areas.
meth_005,78,"Alaska,remote,seasonal,enumeration",Remote Alaska Operations,2020_census_methodology.pdf,Remote Alaska enumeration began earlier than the rest of the nation due to seasonal accessibility constraints. Villages accessible only by small aircraft or boat were enumerated during the spring thaw period when travel conditions permitted safe access.
meth_006,89,"address,canvassing,coverage",Address Canvassing Quality,2020_census_methodology.pdf,"Address canvassing operations verified and updated 143 million addresses prior to enumeration. Areas with high rates of new construction, demolition, or address changes received additional verification to minimize coverage errors during self-response operations."
meth_007,102,"proxy,NRFU,response",Proxy Response Protocols,2020_census_methodology.pdf,"When household members could not be contacted directly, enumerators obtained proxy responses from neighbors, building managers, or other knowledgeable individuals. Proxy responses accounted for approximately 11% of NRFU completions nationally."
meth_008,115,"language,Spanish,assistance,self-response",Language Assistance Programs,2020_census_methodology.pdf,"Census materials were available in 13 languages, with telephone assistance in 59 languages. Despite these efforts, areas with high concentrations of limited-English-proficiency households showed lower self-response rates, particularly where Spanish or Native American languages predominated."
meth_009,128,"mail,USPS,rural,delivery",Mail Delivery Challenges,2020_census_methodology.pdf,"Rural areas with limited mail carrier access, including those served by highway contract routes, experienced delays in census material delivery. USPS coordination meetings were held weekly to address delivery failures and reroute materials as needed."
meth_010,142,"broadband,internet,rural,digital-divide",Broadband and Internet Access,2020_census_methodology.pdf,"Internet self-response was significantly correlated with broadband availability. Counties with less than 50% broadband coverage had internet response rates 23 percentage points lower than high-coverage areas, necessitating greater reliance on paper forms and NRFU."
child_001,8,"children,undercount,historical,age",Historical Undercount Patterns,counting_young_children.pdf,"Young children under age 5 have been undercounted in every decennial census since 1950. The 2010 Census showed a net undercount of 4.6% for this age group, compared to a net overcount of 0.1% for adults aged 30-49."
child_002,15,"children,household,complex,custody",Complex Household Structures,counting_young_children.pdf,"Children in complex living arrangements—such as those in households with multiple families, grandparent caregivers, or shared custody—are at elevated risk of being missed. Respondents may be uncertain whether to include children who split time between households."
child_003,23,"renter,mobility,children,NRFU",Renter Household Mobility,counting_young_children.pdf,Renter households with young children move at twice the rate of owner-occupied households. This mobility increases the likelihood that census mailings are undeliverable or that households are missed during NRFU due to recent address changes.
child_004,31,"proxy,children,accuracy,undercount",Proxy Response Accuracy,counting_young_children.pdf,"Proxy respondents (neighbors, landlords) are less likely to have accurate knowledge of young children in a household compared to household composition in general. Studies show proxy responses undercount children under 5 by approximately 12% compared to household respondents."
child_005,38,"newborn,infant,omission,census-day",Newborn Inclusion Rates,counting_young_children.pdf,"Infants born in the months immediately preceding Census Day (April 1) are particularly likely to be omitted. New parents may not think to include a recent newborn, or may be unsure whether to count an infant who was in the hospital on Census Day."
child_006,45,"Hispanic,children,omission,language",Hispanic and Latino Households,counting_young_children.pdf,"Hispanic children under 5 have the highest omission rate of any racial/ethnic group, at approximately 7.1% in 2010. Contributing factors include higher rates of complex households, renter occupancy, and language barriers during enumeration."
child_007,52,"grandparent,caregiver,children,household",Grandparent-Headed Households,counting_young_children.pdf,"When grandparents are primary caregivers, children may be omitted if the grandparent does not consider themselves the child's 'parent' and thus does not list them as household members. Over 2.4 million children live in grandparent-headed households."
child_008,61,"administrative,records,children,validation",Administrative Records Integration,counting_young_children.pdf,"The Census Bureau is exploring integration of administrative records (birth certificates, WIC enrollment, Medicaid) to validate and supplement self-response data for young children. These records could flag potential omissions for follow-up verification."
child_009,68,"outreach,children,partnerships,messaging",Targeted Outreach Strategies,counting_young_children.pdf,"Effective outreach to households with young children includes partnerships with pediatric healthcare providers, daycare centers, and WIC offices. Messages emphasizing that children 'count' for school funding resonate strongly with parents of young children."
child_010,74,"coverage,undercount,PES,measurement",Coverage Measurement Estimates,counting_young_children.pdf,"Post-Enumeration Survey data for 2020 indicates a net undercount of young children between 3-5%, varying significantly by state and demographic characteristics. States with higher proportions of hard-to-count populations showed the largest undercounts."
acs_001,5,"ACS,decennial,estimates,comparison",ACS vs Decennial Census,acs_handbook.pdf,"The American Community Survey provides annual estimates for characteristics the decennial census does not collect, including income, education, and housing costs. However, ACS estimates have larger margins of error, especially for small geographies."
acs_002,18,"response-rate,methodology,calculation",Response Rate Methodology,acs_handbook.pdf,Self-response rates measure the proportion of households that respond without requiring a personal visit. The calculation excludes vacant and non-existent addresses from the denominator to provide a meaningful measure of household participation.
acs_003,27,"internet,digital-divide,broadband,response-mode",Internet Response Mode,acs_handbook.pdf,Internet self-response became the primary collection mode for the first time in 2020. This shift reduced costs but created a digital divide challenge: households without reliable broadband access had lower participation rates and required paper materials or NRFU visits.
acs_004,35,"hard-to-count,renter,minority,outreach",Hard-to-Count Populations,acs_handbook.pdf,"Hard-to-count populations include renters, young mobile adults, racial and ethnic minorities, non-English speakers, and households in multi-unit structures. These groups historically have lower self-response rates and require targeted outreach strategies."
acs_005,42,"geography,hierarchy,tract,block",Geographic Hierarchy,acs_handbook.pdf,"Census geography follows a hierarchical structure: Nation > State > County > Census Tract > Block Group > Block. Response rates are calculated at each level, allowing identification of specific areas requiring intervention."
acs_006,56,"seasonal,vacation,residence,migrant",Seasonal Residence Challenges,acs_handbook.pdf,"Areas with high seasonal or vacation housing present enumeration challenges. Determining usual residence for snowbirds, summer residents, and migrant workers requires careful application of residence rules and sometimes multiple contact attempts."
acs_007,68,"rural,distance,addressing,enumeration",Rural Area Considerations,acs_handbook.pdf,"Rural areas face unique challenges including long distances between addresses, limited cell service, unpaved roads, and addresses that do not correspond to standard street formats. These factors increase enumeration costs and reduce self-response rates."
acs_008,82,"quality,indicators,reliability,imputation",Data Quality Indicators,acs_handbook.pdf,"The Census Bureau provides data quality indicators including coefficient of variation, margins of error, and response rate flags. Low-response areas receive annotations warning users that estimates may be less reliable due to higher imputation rates."
